hotelId,name,location,rating,price,lat,lon,image,review
1,Orchard Hotel Singapore,Orchard,4.6,8.377.711,1.307546,103.828418,"https://ik.imagekit.io/tvlk/apr-asset/dgXfoyh24ryQLRcGq00cIdKHRmotrWLNlvG-TxlcLxGkiDwaUSggleJNPRgIHCX6/hotel/asset/10023020-1340x1354-FIT_AND_TRIM-0fd9315000632d2bce3ac1c541d6c111.jpeg?tr=q-40,w-740,h-465&_src=imagekit",6.1
2,Sheraton Tower Singapore,Orchard,5,5.939.033,1.3117173,103.836395,https://d1nabgopwop1kh.cloudfront.net/v2/hotel-asset/TzEv3ZUmG4/4Dz22hvmO9Fpk5Z+U7PwXyiqdzNkLR7Z4u0jjEFWz8dkKav4/4eX7q3Dh/1Xv/NOt79sh0ss6MiQBKDWNCwXfjv1U99f60cTYv/Huq53X5jLta2Sch6DAwOonl58Fy1rEYn7dTKtYkQ==,7.6
3,M Social Singapore,Clarke Quay,5,6.257.284,1.2906982,103.837352,"https://ik.imagekit.io/tvlk/apr-asset/dgXfoyh24ryQLRcGq00cIdKHRmotrWLNlvG-TxlcLxGkiDwaUSggleJNPRgIHCX6/hotel/asset/10023196-1728x1354-FIT_AND_TRIM-0a05e13622592e4fc9252f6aa5d57943.jpeg?tr=q-40,w-740,h-465&_src=imagekit",7.3
4,Swissotel The Stamford,Marina Bay,4.7,5.255.559,1.2933126,103.8534211,"https://ik.imagekit.io/tvlk/apr-asset/dgXfoyh24ryQLRcGq00cIdKHRmotrWLNlvG-TxlcLxGkiDwaUSggleJNPRgIHCX6/hotel/asset/20037192-36d4e7ce6037bff2e62157cc1b131ad7.jpeg?tr=q-40,w-740,h-465&_src=imagekit",8.7
5,Crowne Plaza CHANGI AIRPORT,Changi,3.6,3.965.965,1.3584824,103.9878819,"https://ik.imagekit.io/tvlk/apr-asset/r325MvEp4gIyN56L3g2bGQB6I8gh2Ta0Np7nAAxGQ7RHPPekSgfL2UoKQ4Kzwub3/imageRepo/7/0/108/895/739/SINCP_5983125914_P.jpg?tr=q-40,w-740,h-465&_src=imagekit",8.1
6,ibis budget Singapore Pearl,Geylang,3,2.196.176,1.3115565,103.8791896,"https://ik.imagekit.io/tvlk/apr-asset/dgXfoyh24ryQLRcGq00cIdKHRmotrWLNlvG-TxlcLxGkiDwaUSggleJNPRgIHCX6/hotel/asset/10010232-05a78ab37ea1de520e3dbb2b9ef27b02.jpeg?tr=q-40,w-740,h-465&_src=imagekit",6.2
7,Hotel Calmo Chinatown,Chinatown,5,1.402.810,1.282555,103.8441185,"https://ik.imagekit.io/tvlk/apr-asset/Ixf4aptF5N2Qdfmh4fGGYhTN274kJXuNMkUAzpL5HuD9jzSxIGG5kZNhhHY-p7nw/hotel/asset/67813724-43515a9789bed3af76d97fa0783a8cbf.jpeg?tr=q-40,w-740,h-465&_src=imagekit",8
8,Days Hotel Singapore At Zhongshan Park,Novena,3.9,2.602.930,1.3269884,103.8474169,"https://ik.imagekit.io/tvlk/apr-asset/dgXfoyh24ryQLRcGq00cIdKHRmotrWLNlvG-TxlcLxGkiDwaUSggleJNPRgIHCX6/hotel/asset/10009516-2031x1354-FIT_AND_TRIM-5fe63ece94aef51665ae2b32ec1792b7.jpeg?tr=q-40,w-740,h-465&_src=imagekit",8.5
9,New Cape Inn,Chinatown,4.2,1.562.165,1.2855281,103.8340735,"https://ik.imagekit.io/tvlk/apr-asset/dgXfoyh24ryQLRcGq00cIdKHRmotrWLNlvG-TxlcLxGkiDwaUSggleJNPRgIHCX6/hotel/asset/10009437-2048x1122-FIT_AND_TRIM-8a025c0d74bfb1dad29bd0f123f32b6e.jpeg?tr=q-40,w-740,h-465&_src=imagekit",5.4
10,K Hotel Aliwal (Premier),Bugis,4.6,1.118.519,1.3018919,103.86111,"https://ik.imagekit.io/tvlk/apr-asset/Ixf4aptF5N2Qdfmh4fGGYhTN274kJXuNMkUAzpL5HuD9jzSxIGG5kZNhhHY-p7nw/hotel/asset/67805832-f55f7884b39663d8181542865935d97f.jpeg?tr=q-40,w-740,h-465&_src=imagekit",5.1
11,Arianna Hotel,Little India,3.2,1.196.257,1.3090388,103.8558241,"https://ik.imagekit.io/tvlk/apr-asset/dgXfoyh24ryQLRcGq00cIdKHRmotrWLNlvG-TxlcLxGkiDwaUSggleJNPRgIHCX6/hotel/asset/10011339-2048x1152-FIT_AND_TRIM-5698a9d1e49461b3d31180023565d855.jpeg?tr=q-40,w-740,h-465&_src=imagekit",5.1
12,Robertson Quay Hotel,Clarke Quay,4.5,2.999.666,1.2912618,103.8398619,"https://ik.imagekit.io/tvlk/apr-asset/dgXfoyh24ryQLRcGq00cIdKHRmotrWLNlvG-TxlcLxGkiDwaUSggleJNPRgIHCX6/hotel/asset/10011338-2048x1352-FIT_AND_TRIM-c85f249577dc03b3d98c88d242204dcc.jpeg?tr=q-40,w-740,h-465&_src=imagekit",5.2
13,Summer View Hotel (SG Clean and Staycation Approved),Bugis,4.7,2.082.391,1.3016266,103.8501482,"https://ik.imagekit.io/tvlk/apr-asset/dgXfoyh24ryQLRcGq00cIdKHRmotrWLNlvG-TxlcLxGkiDwaUSggleJNPRgIHCX6/hotel/asset/10009515-2048x1367-FIT_AND_TRIM-42025293ceb7eaffde20f96089d12bcf.jpeg?tr=q-40,w-740,h-465&_src=imagekit",6.5
14,Hotel 81 Premier Hollywood ,Geylang,3.5,842.494,1.3046818,103.8567388,"https://ik.imagekit.io/tvlk/apr-asset/dgXfoyh24ryQLRcGq00cIdKHRmotrWLNlvG-TxlcLxGkiDwaUSggleJNPRgIHCX6/hotel/asset/10007554-2029x1354-FIT_AND_TRIM-eef3da99dc9655f84f21600c56b1a71f.jpeg?tr=q-40,w-740,h-465&_src=imagekit",7.9
15,K Hotel 14,Geylang,3.6,885.494,1.3112087,103.8753745,"https://ik.imagekit.io/tvlk/apr-asset/dgXfoyh24ryQLRcGq00cIdKHRmotrWLNlvG-TxlcLxGkiDwaUSggleJNPRgIHCX6/hotel/asset/20019000-c70d5a431888838f3fa81a84482a7349.jpeg?tr=q-40,w-740,h-465&_src=imagekit",7.9
16,iStay inn Singapore,Chinatown,4.4,2.089.384,1.2831006,103.8453035,"https://ik.imagekit.io/tvlk/apr-asset/dgXfoyh24ryQLRcGq00cIdKHRmotrWLNlvG-TxlcLxGkiDwaUSggleJNPRgIHCX6/hotel/asset/10009375-239b572eb2ea522da421ebc038389a11.jpeg?tr=q-40,w-740,h-465&_src=imagekit",6.8
17,Capri by Fraser China Square,Chinatown,4.7,3.768.137,1.2839864,103.846059,"https://ik.imagekit.io/tvlk/apr-asset/dgXfoyh24ryQLRcGq00cIdKHRmotrWLNlvG-TxlcLxGkiDwaUSggleJNPRgIHCX6/hotel/asset/20020075-dd8d34974282a37964b9d9697835500d.jpeg?tr=q-40,w-740,h-465&_src=imagekit",5.4
18,The Capitol Kempinski Hotel Singapore,Marina Bay,4.2,10.512.689,1.2938964,103.8491726,"https://ik.imagekit.io/tvlk/apr-asset/Ixf4aptF5N2Qdfmh4fGGYhTN274kJXuNMkUAzpL5HuD9jzSxIGG5kZNhhHY-p7nw/hotel/asset/67815774-58ac521bbcbede6feadfb77e37d6bdc3.jpeg?tr=q-40,w-740,h-465&_src=imagekit",6.5
19,Hotel 81 Osaka,Chinatown,4.8,1.171.066,1.2817687,103.8284617,"https://ik.imagekit.io/tvlk/apr-asset/dgXfoyh24ryQLRcGq00cIdKHRmotrWLNlvG-TxlcLxGkiDwaUSggleJNPRgIHCX6/hotel/asset/10007548-2048x1367-FIT_AND_TRIM-d8f0e58c2afa853d9f5d9c0ed7a47bfe.jpeg?tr=q-40,w-740,h-465&_src=imagekit",7.1
20,Ramada Singapore at Zhongshan Park,Novena,3.9,2.498.751,1.327051,103.8443186,"https://ik.imagekit.io/tvlk/apr-asset/dgXfoyh24ryQLRcGq00cIdKHRmotrWLNlvG-TxlcLxGkiDwaUSggleJNPRgIHCX6/hotel/asset/10009517-2031x1354-FIT_AND_TRIM-1303f6caabf4b6a59a869013cd75a3b1.jpeg?tr=q-40,w-740,h-465&_src=imagekit",6.3
21,Porcelain Hotel by JL Asia,Chinatown,3.4,2.260.916,1.2842558,103.8419835,"https://ik.imagekit.io/tvlk/apr-asset/dgXfoyh24ryQLRcGq00cIdKHRmotrWLNlvG-TxlcLxGkiDwaUSggleJNPRgIHCX6/hotel/asset/10010558-2048x1526-FIT_AND_TRIM-2483f64bda2aa14e22b2bf1b289ca7dc.jpeg?tr=q-40,w-740,h-465&_src=imagekit",8.9
22,The Fullerton Hotel Singapore,Marina Bay,4.2,8.776.703,1.2847984,103.8522528,"https://ik.imagekit.io/tvlk/apr-asset/dgXfoyh24ryQLRcGq00cIdKHRmotrWLNlvG-TxlcLxGkiDwaUSggleJNPRgIHCX6/hotel/asset/20045398-ce52e8300e3d328948f30944ae0a3517.jpeg?tr=q-40,w-740,h-465&_src=imagekit",7.7
23,Hotel YAN ,Lavender,4.4,2.142.357,1.3118011,103.85831,"https://ik.imagekit.io/tvlk/apr-asset/dgXfoyh24ryQLRcGq00cIdKHRmotrWLNlvG-TxlcLxGkiDwaUSggleJNPRgIHCX6/hotel/asset/10010701-2048x1122-FIT_AND_TRIM-77a54be2ddbb5b5e4099cbf959eb51bf.jpeg?tr=q-40,w-740,h-465&_src=imagekit",8.3
24,G4 Station Backpapers Hostel,Bugis,3.8,2.190.483,1.304382,103.8477288,"https://ik.imagekit.io/tvlk/apr-asset/dgXfoyh24ryQLRcGq00cIdKHRmotrWLNlvG-TxlcLxGkiDwaUSggleJNPRgIHCX6/hotel/asset/10010698-1920x1536-FIT_AND_TRIM-2ebad22e7cd0f3ac446bae025b329408.jpeg?tr=q-40,w-740,h-465&_src=imagekit",7.5
25,BudgetOne Hotel,Geylang,5,1.010.993,1.3122487,103.8782451,"https://ik.imagekit.io/tvlk/apr-asset/dgXfoyh24ryQLRcGq00cIdKHRmotrWLNlvG-TxlcLxGkiDwaUSggleJNPRgIHCX6/hotel/asset/10015163-2408x1319-FIT_AND_TRIM-a3304084c12d574a09ae5ee7e48d7ac7.jpeg?tr=q-40,w-740,h-465&_src=imagekit",8.8
26,Adamson Lodge  Rochor,Little India,3.7,673.995,1.3044498,103.8508669,"https://ik.imagekit.io/tvlk/apr-asset/dgXfoyh24ryQLRcGq00cIdKHRmotrWLNlvG-TxlcLxGkiDwaUSggleJNPRgIHCX6/hotel/asset/10010207-1280x960-FIT_AND_TRIM-77361ba9375dc39080f9b2262bbfa88e.jpeg?tr=q-40,w-740,h-465&_src=imagekit",5.3
27,Aqueen Hotel Paya Lebar,Geylang,3.5,3.098.797,1.3220962,103.8894302,"https://ik.imagekit.io/tvlk/apr-asset/dgXfoyh24ryQLRcGq00cIdKHRmotrWLNlvG-TxlcLxGkiDwaUSggleJNPRgIHCX6/hotel/asset/10010560-900x500-FIT_AND_TRIM-f618615617c9b15661c4001e91c18f5f.jpeg?tr=q-40,w-740,h-465&_src=imagekit",7.7
28,ibis budget Singapore Sapphire,Geylang,4.3,1.809.877,1.3117607,103.8756021,"https://ik.imagekit.io/tvlk/apr-asset/dgXfoyh24ryQLRcGq00cIdKHRmotrWLNlvG-TxlcLxGkiDwaUSggleJNPRgIHCX6/hotel/asset/10010233-6003c5591ce3fa9d2fe97602308bd481.jpeg?tr=q-40,w-740,h-465&_src=imagekit",7.8
29,Hotel 81 Gold ,Geylang,4.5,842.494,1.3117714,103.8756021,"https://ik.imagekit.io/tvlk/apr-asset/dgXfoyh24ryQLRcGq00cIdKHRmotrWLNlvG-TxlcLxGkiDwaUSggleJNPRgIHCX6/hotel/asset/10007557-1500x1125-FIT_AND_TRIM-19e24d6df3cd631698e7a7148dae436f.jpeg?tr=q-40,w-740,h-465&_src=imagekit",6.5
30,Holiday Inn Express SINGAPORE CLARKE QUAY,Clarke Quay,4.8,3.668.516,1.2891267,103.8397795,"https://ik.imagekit.io/tvlk/apr-asset/r325MvEp4gIyN56L3g2bGQB6I8gh2Ta0Np7nAAxGQ7RHPPekSgfL2UoKQ4Kzwub3/imageRepo/7/0/125/964/453/SINCQ_6417131178_P.jpg?tr=q-40,w-740,h-465&_src=imagekit",6.8
31,Changi Cove,Changi,4.1,3.515.625,1.3885383,103.974374,"https://ik.imagekit.io/tvlk/apr-asset/dgXfoyh24ryQLRcGq00cIdKHRmotrWLNlvG-TxlcLxGkiDwaUSggleJNPRgIHCX6/hotel/asset/10013296-2408x1319-FIT_AND_TRIM-b543437e5cc5ee50296ddcd51dc815be.jpeg?tr=q-40,w-740,h-465&_src=imagekit",5.3
32,Vitoria Hotel,Bugis,4.2,1.622.222,1.2970797,103.8502449,"https://ik.imagekit.io/tvlk/apr-asset/dgXfoyh24ryQLRcGq00cIdKHRmotrWLNlvG-TxlcLxGkiDwaUSggleJNPRgIHCX6/hotel/asset/10026447-d90abec4065a617b8815413d3c76188c.jpeg?tr=q-40,w-740,h-465&_src=imagekit",5.1
33,YWCA Fort Canning,Orchard,3.1,3.066.295,1.2974172,103.8430856,"https://ik.imagekit.io/tvlk/apr-asset/dgXfoyh24ryQLRcGq00cIdKHRmotrWLNlvG-TxlcLxGkiDwaUSggleJNPRgIHCX6/hotel/asset/10008206-e1a382b1243cbe44963a8a8f2f89d910.jpeg?tr=q-40,w-740,h-465&_src=imagekit",7.3
34,ST Signature Jalan Besar ,Little India,3.3,937.526,1.3054679,103.8526657,"https://ik.imagekit.io/tvlk/apr-asset/dgXfoyh24ryQLRcGq00cIdKHRmotrWLNlvG-TxlcLxGkiDwaUSggleJNPRgIHCX6/hotel/asset/20038236-bb92eff7e445a64ba6127362057cb665.jpeg?tr=q-40,w-740,h-465&_src=imagekit",7
35,Hotel 81 Elegence,Kallang,3.8,918.318,1.3124608,103.858056,"https://ik.imagekit.io/tvlk/apr-asset/dgXfoyh24ryQLRcGq00cIdKHRmotrWLNlvG-TxlcLxGkiDwaUSggleJNPRgIHCX6/hotel/asset/10007569-2048x1367-FIT_AND_TRIM-4ca40c7beca1c13fad471e5dd9d726ee.jpeg?tr=q-40,w-740,h-465&_src=imagekit",7.3
36,Perak Hotel,Little India,4.6,1.482.789,1.3046961,103.8510785,"https://ik.imagekit.io/tvlk/apr-asset/dgXfoyh24ryQLRcGq00cIdKHRmotrWLNlvG-TxlcLxGkiDwaUSggleJNPRgIHCX6/hotel/asset/10009793-2048x1122-FIT_AND_TRIM-f5cd03137cd189ade170f6cbe9e57015.jpeg?tr=q-40,w-740,h-465&_src=imagekit",6.6
37,Hilton Singapore Orchard ,Orchard,3.7,7.485.758,1.3039119,103.830452,"https://ik.imagekit.io/tvlk/apr-asset/dgXfoyh24ryQLRcGq00cIdKHRmotrWLNlvG-TxlcLxGkiDwaUSggleJNPRgIHCX6/hotel/asset/10021762-1767x1354-FIT_AND_TRIM-40a970f31d53ce2e2db5e6a0a7b82ae3.jpeg?tr=q-40,w-740,h-465&_src=imagekit",5.1
38,Dusit Thani Laguna Singapore,Tampines,4.1,5.731.568,1.3231373,103.9602864,"https://ik.imagekit.io/tvlk/apr-asset/dgXfoyh24ryQLRcGq00cIdKHRmotrWLNlvG-TxlcLxGkiDwaUSggleJNPRgIHCX6/hotel/asset/20039297-93dcf7b9cc8d9e86554fbd752bde1a81.jpeg?tr=q-40,w-740,h-465&_src=imagekit",5.4
39,Jayleen 1918 Hotel,Clarke Quay,3.8,1.454.649,1.2878556,103.8457813,"https://ik.imagekit.io/tvlk/apr-asset/dgXfoyh24ryQLRcGq00cIdKHRmotrWLNlvG-TxlcLxGkiDwaUSggleJNPRgIHCX6/hotel/asset/10008368-2048x1122-FIT_AND_TRIM-fdccd73623885b40ac0e9a9bf88a8395.gif?tr=q-40,w-740,h-465&_src=imagekit",7.2
40,Hotel 81 Balestier ,Novena,4.6,918.318,1.3213943,103.8508669,"https://ik.imagekit.io/tvlk/apr-asset/dgXfoyh24ryQLRcGq00cIdKHRmotrWLNlvG-TxlcLxGkiDwaUSggleJNPRgIHCX6/hotel/asset/10007571-2048x1367-FIT_AND_TRIM-5310b5810d69c82c48caad036145d95f.jpeg?tr=q-40,w-740,h-465&_src=imagekit",7.4
41,voco Orchard Singapore,Orchard,4.4,4.579.796,"1.3143394,",103.7041612,"https://ik.imagekit.io/tvlk/apr-asset/TzEv3ZUmG4-4Dz22hvmO9NUDzw1DGCIdWl4oPtKumOg=/hotels/1000000/20000/16900/16819/c01bb63e_z.jpg?tr=q-40,w-740,h-465&_src=imagekit",6.7
42,ST Signature Bugis Beach ,Bugis,4.2,937.526,1.2972699,103.8544493,"https://ik.imagekit.io/tvlk/apr-asset/dgXfoyh24ryQLRcGq00cIdKHRmotrWLNlvG-TxlcLxGkiDwaUSggleJNPRgIHCX6/hotel/asset/20045141-2c36a8fc60565c70156c361015c1b000.jpeg?tr=q-40,w-740,h-465&_src=imagekit",5.4
43,Hotel NuVe Heritage,Bugis,3.3,2.741.654,1.2964786,103.853112,"https://ik.imagekit.io/tvlk/apr-asset/dgXfoyh24ryQLRcGq00cIdKHRmotrWLNlvG-TxlcLxGkiDwaUSggleJNPRgIHCX6/hotel/asset/10010503-2048x1536-FIT_AND_TRIM-f117cd6aa651f1e248d48c1c11dfe285.jpeg?tr=q-40,w-740,h-465&_src=imagekit",5.3
44,Hotel G Singapore ,Bugis,4.9,2.724.844,1.3009815,103.8493377,"https://ik.imagekit.io/tvlk/apr-asset/dgXfoyh24ryQLRcGq00cIdKHRmotrWLNlvG-TxlcLxGkiDwaUSggleJNPRgIHCX6/hotel/asset/10024466-afcee847f9cceb6717289004fe3afd42.jpeg?tr=q-40,w-740,h-465&_src=imagekit",6.9
45,Campbell Inn,Little India,3.3,741.394,1.3049696,103.8505736,"https://ik.imagekit.io/tvlk/apr-asset/dgXfoyh24ryQLRcGq00cIdKHRmotrWLNlvG-TxlcLxGkiDwaUSggleJNPRgIHCX6/hotel/asset/67737963-736x442-FIT_AND_TRIM-c57fbedad307ca713520976d348e8a27.jpeg?tr=q-40,w-740,h-465&_src=imagekit",8.3
46,Link Hotel Singapore,Chinatown,3.5,1.357.842,1.2848638,103.8321775,"https://ik.imagekit.io/tvlk/apr-asset/dgXfoyh24ryQLRcGq00cIdKHRmotrWLNlvG-TxlcLxGkiDwaUSggleJNPRgIHCX6/hotel/asset/10010433-1802x1354-FIT_AND_TRIM-d7610c510748babac7e0c7d73b494016.jpeg?tr=q-40,w-740,h-465&_src=imagekit",9
47,Holiday Inn SINGAPORE ORCHARD CITY CENTRE,Orchard,3.4,5.272.323,1.3023027,103.8389103,"https://ik.imagekit.io/tvlk/apr-asset/r325MvEp4gIyN56L3g2bGQB6I8gh2Ta0Np7nAAxGQ7RHPPekSgfL2UoKQ4Kzwub3/imageRepo/5/0/91/523/157/SINPV_5433393834_P.jpg?tr=q-40,w-740,h-465&_src=imagekit",5.9
48,Hilton Garden Inn  Singapore Serangoon,Little India,4.8,3.554.375,1.3083922,103.8498529,"https://ik.imagekit.io/tvlk/apr-asset/TzEv3ZUmG4-4Dz22hvmO9NUDzw1DGCIdWl4oPtKumOg=/hotels/10000000/9630000/9625800/9625754/ba3dc114_z.jpg?tr=q-40,w-740,h-465&_src=imagekit",6.5
49,Pan Pacific Singapore,Marina Bay,5,7.217.774,1.2966896,103.8404595,"https://ik.imagekit.io/tvlk/apr-asset/dgXfoyh24ryQLRcGq00cIdKHRmotrWLNlvG-TxlcLxGkiDwaUSggleJNPRgIHCX6/hotel/asset/20025845-47fdbb79dbb662558cd389cd035c21c4.jpeg?tr=q-40,w-740,h-465&_src=imagekit",7.7
50,K Hotel 1515,Geylang,3.2,708.396,1.3131962,103.8759457,"https://ik.imagekit.io/tvlk/apr-asset/dgXfoyh24ryQLRcGq00cIdKHRmotrWLNlvG-TxlcLxGkiDwaUSggleJNPRgIHCX6/hotel/asset/20047999-55f84ee14452815243722517ab50094e.jpeg?tr=q-40,w-740,h-465&_src=imagekit",5.9
51,Arton Boutique Hotel,Lavender,4.3,3.232.902,1.3121704,103.8586817,"https://ik.imagekit.io/tvlk/apr-asset/dgXfoyh24ryQLRcGq00cIdKHRmotrWLNlvG-TxlcLxGkiDwaUSggleJNPRgIHCX6/hotel/asset/10009996-2048x1536-FIT_AND_TRIM-a46a582e0bd6ef4a96670afacaadde45.jpeg?tr=q-40,w-740,h-465&_src=imagekit",7.7
52,Hotel Nuve Urbane,Bugis,4.7,2.191.410,1.3073062,103.8589063,"https://ik.imagekit.io/tvlk/apr-asset/dgXfoyh24ryQLRcGq00cIdKHRmotrWLNlvG-TxlcLxGkiDwaUSggleJNPRgIHCX6/hotel/asset/10043076-2048x1536-FIT_AND_TRIM-e034e5a370d3a015b5f756c5e60cbe5e.jpeg?tr=q-40,w-740,h-465&_src=imagekit",6
53,Parc Sovereign Hotel ,Bugis,5,2.418.950,1.3035925,103.8470143,"https://ik.imagekit.io/tvlk/apr-asset/dgXfoyh24ryQLRcGq00cIdKHRmotrWLNlvG-TxlcLxGkiDwaUSggleJNPRgIHCX6/hotel/asset/10010242-2048x1365-FIT_AND_TRIM-875c57cd57ccab83dfd885cfef428636.jpeg?tr=q-40,w-740,h-465&_src=imagekit",8.5
54,Wanderlust The Unlimited Collection by Oakwood,Little India,5,5.900.088,1.3050407,103.8524176,"https://ik.imagekit.io/tvlk/apr-asset/Ixf4aptF5N2Qdfmh4fGGYhTN274kJXuNMkUAzpL5HuD9jzSxIGG5kZNhhHY-p7nw/hotel/asset/67807902-99cb429ee2864fa37ac516c6f823eebb.jpeg?tr=q-40,w-740,h-465&_src=imagekit",7.4
55,InterContinetal Hotels SINGAPORE ROBERTSON QUAY,Clarke Quay,4.6,5.056.605,1.2942675,103.8424085,"https://ik.imagekit.io/tvlk/apr-asset/r325MvEp4gIyN56L3g2bGQB6I8gh2Ta0Np7nAAxGQ7RHPPekSgfL2UoKQ4Kzwub3/imageRepo/6/0/99/129/422/SINIC_5320818564_P.jpg?tr=q-40,w-740,h-465&_src=imagekit",6.3
56,Oakwood Premier AMTD Singapore ,Central Business Distract ,3,5.304.883,1.2767281,103.8461269,"https://ik.imagekit.io/tvlk/apr-asset/dgXfoyh24ryQLRcGq00cIdKHRmotrWLNlvG-TxlcLxGkiDwaUSggleJNPRgIHCX6/hotel/asset/10039369-1017x645-FIT_AND_TRIM-1156a560f9e6ee8bd31456967bf6674a.jpeg?tr=q-40,w-740,h-465&_src=imagekit",8
57,Ascott Raffles Place Singapore ,Central Business Distract ,4.7,6.148.013,1.2820429,103.8493913,"https://ik.imagekit.io/tvlk/apr-asset/dgXfoyh24ryQLRcGq00cIdKHRmotrWLNlvG-TxlcLxGkiDwaUSggleJNPRgIHCX6/hotel/asset/10030524-2048x1365-FIT_AND_TRIM-cf301dcc03da6efbf2cb5efcada72985.jpeg?tr=q-40,w-740,h-465&_src=imagekit",7.8
58,Hotel 81 Changi ,East Cost,3.3,931.082,1.3006316,103.838343,"https://ik.imagekit.io/tvlk/apr-asset/dgXfoyh24ryQLRcGq00cIdKHRmotrWLNlvG-TxlcLxGkiDwaUSggleJNPRgIHCX6/hotel/asset/10023719-2030x1354-FIT_AND_TRIM-428bca7fd28f4a7ecbaf73faddb58601.jpeg?tr=q-40,w-740,h-465&_src=imagekit",7.3
59,PARKROYAL COLLECTION Marina Bay,Marina Bay,3.1,7.180.895,1.2917976,103.8549297,"https://ik.imagekit.io/tvlk/apr-asset/dgXfoyh24ryQLRcGq00cIdKHRmotrWLNlvG-TxlcLxGkiDwaUSggleJNPRgIHCX6/hotel/asset/10010583-58627c32bf2f8616c9de44e129b14139.jpeg?tr=q-40,w-740,h-465&_src=imagekit",9
60,Venue Hotel The Lily ,East Cost,3.5,1.036.588,1.3115963,103.898533,"https://ik.imagekit.io/tvlk/apr-asset/dgXfoyh24ryQLRcGq00cIdKHRmotrWLNlvG-TxlcLxGkiDwaUSggleJNPRgIHCX6/hotel/asset/10007577-2048x1346-FIT_AND_TRIM-590f4d13d42c2de3bfaf1e78ea03bde0.jpeg?tr=q-40,w-740,h-465&_src=imagekit",6.7
61,Duxton Reserve Singapore Autograph Collection by Marriott Hotels,Chinatown,4.4,7.436.182,1.3116872,103.865702,"https://ik.imagekit.io/tvlk/apr-asset/dgXfoyh24ryQLRcGq00cIdKHRmotrWLNlvG-TxlcLxGkiDwaUSggleJNPRgIHCX6/hotel/asset/20014609-a1bdc2f03017acc44462c6e8ea867cf2.jpeg?tr=q-40,w-740,h-465&_src=imagekit",9
62,SO Singapore ,Central Business Distract ,5,4.180.126,1.2800973,103.8455833,"https://ik.imagekit.io/tvlk/apr-asset/Ixf4aptF5N2Qdfmh4fGGYhTN274kJXuNMkUAzpL5HuD9jzSxIGG5kZNhhHY-p7nw/hotel/asset/67806437-6ae7000cf05aa9b3384ce659302059d1.jpeg?tr=q-40,w-740,h-465&_src=imagekit",6.5
63,Grand Park City Hall ,Marina Bay,3.7,4.787.263,1.2923889,103.8479759,"https://ik.imagekit.io/tvlk/apr-asset/dgXfoyh24ryQLRcGq00cIdKHRmotrWLNlvG-TxlcLxGkiDwaUSggleJNPRgIHCX6/hotel/asset/10024490-419aef5377ffae9d0bf966513b392706.jpeg?tr=q-40,w-740,h-465&_src=imagekit",7.7
64,Goodwood Park Hotel,Orchard,4.9,9.285.822,1.3084828,103.8322163,"https://ik.imagekit.io/tvlk/apr-asset/dgXfoyh24ryQLRcGq00cIdKHRmotrWLNlvG-TxlcLxGkiDwaUSggleJNPRgIHCX6/hotel/asset/10033184-2048x1536-FIT_AND_TRIM-6e748e80084147ab79d4043f216f2ecd.jpeg?tr=q-40,w-740,h-465&_src=imagekit",6.9
65,CUBE Boutique Capsule Hotel Chinatown ,Chinatown,4.8,1.783.394,1.2830832,103.8408698,"https://ik.imagekit.io/tvlk/apr-asset/dgXfoyh24ryQLRcGq00cIdKHRmotrWLNlvG-TxlcLxGkiDwaUSggleJNPRgIHCX6/hotel/asset/10018852-1091041b97bb8df8f28b3fe7b345097c.jpeg?tr=q-40,w-740,h-465&_src=imagekit",5.6
66,ibis Singapore Novena,Novena,4.9,2.511.446,1.3262131,103.8434371,https://d1nabgopwop1kh.cloudfront.net/v2/hotel-asset/TzEv3ZUmG4/4Dz22hvmO9J1N9ieG7wBXuCc0LUsGjQ8lYeF+Xbs0IOfyP0T0XOOUc55biarIVqXBClK0KgHlgUCQL2kgx3KCZWbb2ml1/NHYnFP9tWeMubPYaqJ/i7FZtTA04h7BMZ7yeiUAOcKZ/A==,7.3
67,Village Hotel Albert Court by Far East Hospitality,Bugis,4,8.625.878,1.3041303,103.8487289,"https://ik.imagekit.io/tvlk/apr-asset/dgXfoyh24ryQLRcGq00cIdKHRmotrWLNlvG-TxlcLxGkiDwaUSggleJNPRgIHCX6/hotel/asset/20019914-8b6f706f60ed0da3f64a07c3bc4e541c.jpeg?tr=q-40,w-740,h-465&_src=imagekit",8.9
68,Fairmont Singapore,Marina Bay,4.3,6.704.316,1.2942693,103.8515732,https://d1nabgopwop1kh.cloudfront.net/v2/hotel-asset/TzEv3ZUmG4/4Dz22hvmO9Fpk5Z+U7PwXyiqdzNkLR7YzOxJQCb1UKHFE9Njvh6CO5TII/ZO4vDf6wqRUKwUL384ujBLPfFROfHmN19Hdq3aRKv72iXpz6v7iaQc6t7+5cFisF7ISp+kJpQMGQBOWrQ==,6.5
69,The Quay Hotel West Coast,West Coast,3.3,1.458.215,1.2923655,103.7663388,"https://ik.imagekit.io/tvlk/apr-asset/dgXfoyh24ryQLRcGq00cIdKHRmotrWLNlvG-TxlcLxGkiDwaUSggleJNPRgIHCX6/hotel/asset/10011244-1021x1536-FIT_AND_TRIM-bac14a9bee23c6966cf04da29d5cd740.jpeg?tr=q-40,w-740,h-465&_src=imagekit",7.4
70,The Clan Hotel Singapore by Far East Hospitality,Central Business Distract ,3.5,7.221.386,1.282824,103.8463155,"https://ik.imagekit.io/tvlk/apr-asset/dgXfoyh24ryQLRcGq00cIdKHRmotrWLNlvG-TxlcLxGkiDwaUSggleJNPRgIHCX6/hotel/asset/20034360-801b7373e5f65cdc4c934d399629d98c.jpeg?tr=q-40,w-740,h-465&_src=imagekit",5.6
71,Sofitel Singapore Sentosa Resort & Spa,Sentosa Island,4.4,6.097.670,1.2457073,103.8255169,https://d1nabgopwop1kh.cloudfront.net/v2/hotel-asset/TzEv3ZUmG4/4Dz22hvmO9Fpk5Z+U7PwXyiqdzNkLR7Z+xvGWPF7pa3WW510Y7yQ+FqKlQ7klsF6eocM4L0OWxcXRsw0qa5MJaJZFRbBWftyRKv72iXpz6v7iaQc6t7+5cFisF7ISp+kJpQMGQBOWrQ==,8.9
72,Oasia Hotel Downtown Singapore by Far East Hospitality,Central Business Distract ,3.3,5.485.406,1.2979921,103.8269238,"https://ik.imagekit.io/tvlk/apr-asset/dgXfoyh24ryQLRcGq00cIdKHRmotrWLNlvG-TxlcLxGkiDwaUSggleJNPRgIHCX6/hotel/asset/20022060-ad0308a65634139a38f81b8446e2484b.jpeg?tr=q-40,w-740,h-465&_src=imagekit",7.8
73,Hotel Fuji,Geylang,3.4,1.119.282,1.3169455,103.8589492,"https://ik.imagekit.io/tvlk/apr-asset/dgXfoyh24ryQLRcGq00cIdKHRmotrWLNlvG-TxlcLxGkiDwaUSggleJNPRgIHCX6/hotel/asset/10028346-3f758dcdf4efdc6dcb08466f7930a23f.jpeg?tr=q-40,w-740,h-465&_src=imagekit",5.8
74,Courtyard by Marriott Singapore Novena,Novena,4.3,3.757.752,1.3205554,103.8420565,"https://ik.imagekit.io/tvlk/apr-asset/dgXfoyh24ryQLRcGq00cIdKHRmotrWLNlvG-TxlcLxGkiDwaUSggleJNPRgIHCX6/hotel/asset/20003215-bf5baccfdecdd8bb8101c4b6df632226.jpeg?tr=q-40,w-740,h-465&_src=imagekit",5
75,Vintage Inn Boutique Capsule ,Little India,4.1,783.198,1.3085,103.8489313,"https://ik.imagekit.io/tvlk/apr-asset/dgXfoyh24ryQLRcGq00cIdKHRmotrWLNlvG-TxlcLxGkiDwaUSggleJNPRgIHCX6/hotel/asset/10010204-2048x1536-FIT_AND_TRIM-b18286866d101bd884a4a778e6f36fa8.jpeg?tr=q-40,w-740,h-465&_src=imagekit",6.5
76,Capri by Fraser Changi City,Changi,4,3.922.835,1.3342132,103.961238,"https://ik.imagekit.io/tvlk/apr-asset/dgXfoyh24ryQLRcGq00cIdKHRmotrWLNlvG-TxlcLxGkiDwaUSggleJNPRgIHCX6/hotel/asset/10024691-2408x1300-FIT_AND_TRIM-aebc23d5e354dce5d67523efd3c52526.jpeg?tr=q-40,w-740,h-465&_src=imagekit",7.6
77,Fregrance Hotel Ocean View,West Coast,4,1.496.020,1.2923626,103.7662821,"https://ik.imagekit.io/tvlk/apr-asset/dgXfoyh24ryQLRcGq00cIdKHRmotrWLNlvG-TxlcLxGkiDwaUSggleJNPRgIHCX6/hotel/asset/10010236-2048x1365-FIT_AND_TRIM-d2ce469f961a6f440d953052a7f637ab.jpeg?tr=q-40,w-740,h-465&_src=imagekit",5.1
78,Holiday Inn Express SINGAPORE ORCHARD ROAD,Orchard,3,4.452.142,1.3032421,103.8345428,https://d1nabgopwop1kh.cloudfront.net/v2/hotel-asset/TzEv3ZUmG4/4Dz22hvmO9LEKghSC5593sPCJlTqAVuxpOFw5apZrx31uk9MwhjQ+XBcDRpah8MRtBu/KbXjrKn1QC/ljN07yM1kNom38wPDYnFP9tWeMubPYaqJ/i7FZtTA04h7BMZ7yeiUAOcKZ/A==,7.5
79,Citadines Rochor Singpaore ,Little India,3.3,4.288.590,1.305054,103.8492758,"https://ik.imagekit.io/tvlk/apr-asset/Ixf4aptF5N2Qdfmh4fGGYhTN274kJXuNMkUAzpL5HuD9jzSxIGG5kZNhhHY-p7nw/hotel/asset/67806694-bf0c1705a887bce7b205d2403941a58b.jpeg?tr=q-40,w-740,h-465&_src=imagekit",8.4
80,Regent SINGAPORE,Orchard,3.9,5.403.626,1.3047487,103.8228368,"https://ik.imagekit.io/tvlk/apr-asset/dgXfoyh24ryQLRcGq00cIdKHRmotrWLNlvG-TxlcLxGkiDwaUSggleJNPRgIHCX6/hotel/asset/10022956-1463e23cb4042256a428101eca2f01db.jpeg?tr=q-40,w-740,h-465&_src=imagekit",7.9
81,five 6 Hotel Splendour,Geylang,3.3,2.983.904,1.3109684,103.8744611,"https://ik.imagekit.io/tvlk/apr-asset/dgXfoyh24ryQLRcGq00cIdKHRmotrWLNlvG-TxlcLxGkiDwaUSggleJNPRgIHCX6/hotel/asset/10035368-2272x1516-FIT_AND_TRIM-088da9c1e856d469ff9bbed36bf0e28d.jpeg?tr=q-40,w-740,h-465&_src=imagekit",5
82,Fragrance Hotel  Balestier,Novena,4.3,1.446.110,1.3219424,103.850519,"https://ik.imagekit.io/tvlk/apr-asset/dgXfoyh24ryQLRcGq00cIdKHRmotrWLNlvG-TxlcLxGkiDwaUSggleJNPRgIHCX6/hotel/asset/10010229-2048x1365-FIT_AND_TRIM-3a5e229728f3133d6f7caa3ad1fcbb94.jpeg?tr=q-40,w-740,h-465&_src=imagekit",7.5
83,Four Chain View Hotel ,Geylang,3.2,859.202,1.3149766,103.8887909,"https://ik.imagekit.io/tvlk/apr-asset/dgXfoyh24ryQLRcGq00cIdKHRmotrWLNlvG-TxlcLxGkiDwaUSggleJNPRgIHCX6/hotel/asset/10012727-4000x3000-FIT_AND_TRIM-1c39eea36521c29d587a41f88b6ec918.jpeg?tr=q-40,w-740,h-465&_src=imagekit",6.7
84,Nostalgia Hotel ,Chinatown,3.3,10.833.041,1.2851632,103.8312722,"https://ik.imagekit.io/tvlk/apr-asset/dgXfoyh24ryQLRcGq00cIdKHRmotrWLNlvG-TxlcLxGkiDwaUSggleJNPRgIHCX6/hotel/asset/10010694-2048x1365-FIT_AND_TRIM-2a58a32d4b5847c299f097d0c67e4e6c.jpeg?tr=q-40,w-740,h-465&_src=imagekit",8.2
85,The Pod  Beach Road Boutique Capsule Hotel ,Bugis,4.1,781.693,1.3010313,103.8583418,"https://ik.imagekit.io/tvlk/apr-asset/dgXfoyh24ryQLRcGq00cIdKHRmotrWLNlvG-TxlcLxGkiDwaUSggleJNPRgIHCX6/hotel/asset/10009792-2048x1536-FIT_AND_TRIM-e18b5b546b2815dc73dac3fb45a3796b.jpeg?tr=q-40,w-740,h-465&_src=imagekit",5.3
86,Park Hotel Alexandra,HarbourFrount,3.9,3.309.606,1.2875512,103.8032207,"https://ik.imagekit.io/tvlk/apr-asset/dgXfoyh24ryQLRcGq00cIdKHRmotrWLNlvG-TxlcLxGkiDwaUSggleJNPRgIHCX6/hotel/asset/10024484-1540x1354-FIT_AND_TRIM-477c8f71735111baa094a7b98d160d10.jpeg?tr=q-40,w-740,h-465&_src=imagekit",6.7
87,W Singapore  Sentosa Cove,Sentosa Island,3.6,8.291.343,1.2664048,103.8082862,https://d1nabgopwop1kh.cloudfront.net/v2/hotel-asset/TzEv3ZUmG4/4Dz22hvmO9AzcbVbS8ZZjSGf/Zk+cNKFaf6wp7At/zjOUBAzYEty2GJGLfgDOsLgIupQ7e4jRdBtso7vPIVIvKnR+6gBnVkLYnFP9tWeMubPYaqJ/i7FZtTA04h7BMZ7yeiUAOcKZ/A==,5.2
88,Grand Hyatt Singapore ,Orchard,4.3,4.660.007,1.3065892,103.8309116,"https://ik.imagekit.io/tvlk/apr-asset/TzEv3ZUmG4-4Dz22hvmO9NUDzw1DGCIdWl4oPtKumOg=/hotels/1000000/20000/11500/11421/34647f11_z.jpg?tr=q-40,w-740,h-465&_src=imagekit",5.3
89,Victoria Hotel,Bugis,4.1,1.731.586,1.2970797,103.8502449,"https://ik.imagekit.io/tvlk/apr-asset/dgXfoyh24ryQLRcGq00cIdKHRmotrWLNlvG-TxlcLxGkiDwaUSggleJNPRgIHCX6/hotel/asset/10026447-d90abec4065a617b8815413d3c76188c.jpeg?tr=q-40,w-740,h-465&_src=imagekit",8.9
90,villa Samadhi Singapore,HarbourFrount,4.9,5.857.398,1.2689023,103.7987019,"https://ik.imagekit.io/tvlk/apr-asset/dgXfoyh24ryQLRcGq00cIdKHRmotrWLNlvG-TxlcLxGkiDwaUSggleJNPRgIHCX6/hotel/asset/10015598-2408x1353-FIT_AND_TRIM-1489c36e9898d6e187414b4a1f079e1c.jpeg?tr=q-40,w-740,h-465&_src=imagekit",5.5
91,The Westin Singapore ,Marina Bay,3.6,5.825.226,1.2782803,103.8485832,"https://ik.imagekit.io/tvlk/apr-asset/TzEv3ZUmG4-4Dz22hvmO9NUDzw1DGCIdWl4oPtKumOg=/hotels/7000000/6550000/6545000/6544926/77782a1a_z.jpg?tr=q-40,w-740,h-465&_src=imagekit",7.4
92,South East Asia Hotel,Bugis,3.9,1.266.808,1.3009874,103.8510417,"https://ik.imagekit.io/tvlk/apr-asset/dgXfoyh24ryQLRcGq00cIdKHRmotrWLNlvG-TxlcLxGkiDwaUSggleJNPRgIHCX6/hotel/asset/20025760-5b9d2800b6fd48365fcbd8583179c979.jpeg?tr=q-40,w-740,h-465&_src=imagekit",6
93,Santa Grand Hotel East Coast,East Cost,4.3,1.717.827,1.3067656,103.9036475,"https://ik.imagekit.io/tvlk/apr-asset/dgXfoyh24ryQLRcGq00cIdKHRmotrWLNlvG-TxlcLxGkiDwaUSggleJNPRgIHCX6/hotel/asset/10011241-2047x1536-FIT_AND_TRIM-e03f795a7472bbb44090873bf2325ccf.jpeg?tr=q-40,w-740,h-465&_src=imagekit",8.9
94,Diamond Hotel Singapore,Geylang,3.1,791.845,1.3119064,103.8787045,"https://ik.imagekit.io/tvlk/apr-asset/dgXfoyh24ryQLRcGq00cIdKHRmotrWLNlvG-TxlcLxGkiDwaUSggleJNPRgIHCX6/hotel/asset/67739603-3000x2000-FIT_AND_TRIM-68ddb0f6698e41be7d55b290b784fd61.jpeg?tr=q-40,w-740,h-465&_src=imagekit",7.8
95,Hotel 81 Kovan ,Serangoon,4.4,931.626,1.3256435,103.83851,"https://ik.imagekit.io/tvlk/apr-asset/dgXfoyh24ryQLRcGq00cIdKHRmotrWLNlvG-TxlcLxGkiDwaUSggleJNPRgIHCX6/hotel/asset/10007573-2048x1367-FIT_AND_TRIM-32ffcd47e894408d539d13bb593505bb.jpeg?tr=q-40,w-740,h-465&_src=imagekit",7.5
96,Value Hotel Thomson ,Novena,4.9,923.626,1.3268434,103.8405703,"https://ik.imagekit.io/tvlk/apr-asset/dgXfoyh24ryQLRcGq00cIdKHRmotrWLNlvG-TxlcLxGkiDwaUSggleJNPRgIHCX6/hotel/asset/10007944-2048x1365-FIT_AND_TRIM-115af300a63103e2501b75e21b9de567.jpeg?tr=q-40,w-740,h-465&_src=imagekit",6.9
97,Circular House Capsule hotel,Clarke Quay,4.6,779.574,1.2879687,103.8467214,"https://ik.imagekit.io/tvlk/apr-asset/dgXfoyh24ryQLRcGq00cIdKHRmotrWLNlvG-TxlcLxGkiDwaUSggleJNPRgIHCX6/hotel/asset/20023204-6523ea75340cd50ec5398cbd10e3da4d.jpeg?tr=q-40,w-740,h-465&_src=imagekit",7.6
98,Century Service World,Chinatown,4,2.240.736,1.2811315,103.8410799,"https://ik.imagekit.io/tvlk/apr-asset/dgXfoyh24ryQLRcGq00cIdKHRmotrWLNlvG-TxlcLxGkiDwaUSggleJNPRgIHCX6/hotel/asset/10012698-960x720-FIT_AND_TRIM-f5d59a3c0081cf2b3bd5a08745948659.jpeg?tr=q-40,w-740,h-465&_src=imagekit",6.1
99,Hotel 81 Selegie,Bugis,4.4,838.889,1.3002066,103.8483753,"https://ik.imagekit.io/tvlk/apr-asset/dgXfoyh24ryQLRcGq00cIdKHRmotrWLNlvG-TxlcLxGkiDwaUSggleJNPRgIHCX6/hotel/asset/10007474-1025x1536-FIT_AND_TRIM-fb7789b7ef48767aa35adfa9b69c3395.jpeg?tr=q-40,w-740,h-465&_src=imagekit",8.3
100,Aliwal Park Hotel,Bugis,4.7,1.482.886,1.30348,103.8580863,"https://ik.imagekit.io/tvlk/apr-asset/dgXfoyh24ryQLRcGq00cIdKHRmotrWLNlvG-TxlcLxGkiDwaUSggleJNPRgIHCX6/hotel/asset/10014788-2408x1339-FIT_AND_TRIM-d31ae610bd3cc0a99a5c2029b0d4f6f1.jpeg?tr=q-40,w-740,h-465&_src=imagekit",8.9
